task,base,認知,情動,認知×情動
average,0.5965579,0.17769309,-0.317480894,0.173972336
SE,0.302649825,0.13428968,0.488694628,0.50567278