,subject,tasknum,LPS,CSI,HR,SDNN,pNN50,RMSSD,CVRR,HF,LF,LF/HF,correct,error,CA,PE,NPE,PEm,NPEm,DMS,TO,RT,VAS,AC,effort,frustration,mental_demand,physical_demand,time_pressure,WWL
0,F,1,4.51828776780464,0.9142634597990692,-0.04863176333997706,-13.383780325238323,4.413477089369706,2.79764338116286,-44.43421357122923,10.181519034937821,-61.02514980409874,3.195495884054753,0.8020833333333334,0.19791666666666666,12.0,0.010416666666666666,0.1875,0.125,0.07291666666666667,0.010416666666666666,0.0,1522.691065625,60,38,64,62,70,14,30,59.81
1,F,2,5.504188792967726,0.16132678027795658,0.17639542505427452,-12.651135385777113,7.091733718078348,4.251296195315649,-45.969820257625145,13.46550900194187,-70.47829587259201,2.6423600949106447,0.7681159420289855,0.2318840579710145,7.0,0.07246376811594203,0.15942028985507245,0.15942028985507245,0.07246376811594203,0.043478260869565216,27.0,1121.7064791666667,75,84,61,65,88,81,99,82.19
2,F,3,1.1111189207850554,0.6852393170924296,-0.4336225468093232,-3.917138826498949,1.2985314328635509,1.4200770174951118,-6.687179925281571,0.9260293753919832,-8.810668000823842,2.213432795031049,0.7368421052631579,0.2631578947368421,10.0,0.07368421052631577,0.18947368421052632,0.17894736842105266,0.08421052631578947,0.021052631578947368,1.0,1767.9806593749988,94,81,70,86,74,72,25,72.9
3,F,4,8.354712139272738,0.9728026534851676,0.2443478623971397,-22.601875361913894,8.674559560007786,4.057234726014028,-66.61774797907678,8.372602186019364,-98.63189858683292,7.943725934056066,0.7846153846153846,0.2153846153846154,7.0,0.04615384615384616,0.16923076923076924,0.13846153846153847,0.07692307692307693,0.015384615384615384,31.0,979.0377145833332,94,85,89,89,91,85,97,90.24
