,subject,tasknum,LPS,CSI,HR,SDNN,pNN50,RMSSD,CVRR,HF,LF,LF/HF,correct,error,CA,PE,NPE,PEm,NPEm,DMS,TO,RT,VAS,AC,effort,frustration,mental_demand,physical_demand,time_pressure,WWL
4,G,1,0.2323155545872707,0.9262415136921216,0.4629969284829524,0.2603586181597369,0.3202978626203884,0.33559806517787283,-0.16136592936158475,0.7516281856896592,-1.013377585436548,0.2811241306667762,0.5833333333333334,0.4166666666666667,8.0,0.16666666666666666,0.25,0.20833333333333331,0.20833333333333331,0.02083333333333333,0.0,1368.4448229166665,45,45,65,40,80,35,60,54.76
5,G,2,0.6017500284689676,1.5423800247607231,0.103228729189087,0.6094701092833021,-0.059198800160497375,0.1193419298751692,0.7431302883990193,0.6455554910816862,0.7506971315294927,0.8308944184375723,0.6756756756756757,0.32432432432432434,7.0,0.12162162162162166,0.20270270270270271,0.2432432432432433,0.08108108108108109,0.013513513513513514,22.0,916.6761770833336,65,85,80,85,75,65,95,85.24
6,G,3,0.09519468931344506,-0.35886450728160746,0.2825042291637828,-0.2397081768911161,0.5226482696500234,0.4842462984990599,-0.3689641780502958,0.5354433579909451,-1.2710958883095138,0.5804553181898787,0.5625,0.4375,8.0,0.16666666666666666,0.2708333333333333,0.22916666666666666,0.20833333333333331,0.02083333333333333,0.0,1314.5710322916673,58,70,70,80,60,60,40,65.24
7,G,4,0.2313010742089428,0.2482281254794127,0.45027594071492894,0.041017313093385147,0.262503584304748,0.3731661095237681,-0.7669913436545837,0.8371229568284527,0.5293041799508971,0.5045394990722982,0.5,0.5,5.0,0.2432432432432433,0.25675675675675674,0.28378378378378377,0.21621621621621626,0.013513513513513514,22.0,790.5995635416672,81,90,95,85,70,80,95,89.05
