,subject,tasknum,LPS,CSI,HR,SDNN,pNN50,RMSSD,CVRR,HF,LF,LF/HF,correct,error,CA,PE,NPE,PEm,NPEm,DMS,TO,RT,VAS,AC,effort,frustration,mental_demand,physical_demand,time_pressure,WWL
8,H,1,-0.08924550656862637,-1.9553027032568675,-0.8911346584521821,0.4219268475326651,-0.9649409708312202,-0.8017971243661886,-0.15573255303353306,-0.6909531387493193,1.2316389020036378,2.017931747208053,0.75,0.25,12.0,0.03125,0.21875,0.17708333333333334,0.07291666666666667,0.0,0.0,1777.506216666667,55,54,65,57,81,40,74,68.33
9,H,2,-0.9950213342126376,-2.6698979515098484,-1.0628921722470264,-0.008826627476227773,-2.2576974730416004,-2.215655786177504,0.6845941392312781,-1.936743482081588,-1.0893535314043044,1.7680527744206602,0.6621621621621622,0.33783783783783783,5.0,0.16216216216216214,0.17567567567567569,0.20270270270270271,0.13513513513513514,0.040540540540540536,22.0,1465.6612999999993,65,64,66,56,77,46,97,75.19
10,H,3,-0.22149852462126213,0.2751229774933589,-0.6448631601127317,-0.08253782001529053,-0.4312607250625466,-0.2347701244643254,0.4897913886015223,-0.8900801363639937,0.690379444809371,1.902993466606208,0.5208333333333334,0.4791666666666667,7.0,0.2395833333333333,0.2395833333333333,0.34375,0.13541666666666666,0.02083333333333333,0.0,1764.643428125,89,74,60,91,87,93,27,82.19
11,H,4,-0.03942088854882765,-1.40914483360542,0.44382611178001774,0.5203693523304483,0.2673590639916741,0.0318545696378076,0.7934444677767252,-0.3102129777083633,2.0846708650253056,2.2088589510072985,0.6627906976744186,0.3372093023255814,8.0,0.16279069767441862,0.1744186046511628,0.16279069767441862,0.1744186046511628,0.02325581395348837,10.0,1215.8894000000005,98,72,70,100,84,93,72,81.85
