,task1,task2,task3,task4
0,0.791666667,0.746478873,0.677083333,0.679012346
1,0.208333333,0.253521127,0.322916667,0.320987654
2,11,8,10,8
3,0.03125,0.098591549,0.104166667,0.086419753
4,0.177083333,0.154929577,0.21875,0.234567901
5,0.03125,0.014084507,0.010416667,0
6,0,25,0,15
7,1253.199731,1003.015414,1314.926948,968.0205885
